<additional>

<tazs>

	<taz id="1" edges="-228461491#16">
	</taz>
	<taz id="2" edges="-228461491#15">
	</taz>
	<taz id="3" edges="-228461491#14">
	</taz>
	<taz id="4" edges="-228461491#13">
	</taz>
	<taz id="5" edges="-228461491#12">
	</taz>
	<taz id="6" edges="-228461491#11">
	</taz>
	<taz id="7" edges="-228461491#10">
	</taz>
	<taz id="8" edges="-228461491#9">
	</taz>
	<taz id="9" edges="-228461491#8">
	</taz>
	<taz id="10" edges="-228461491#7">
	</taz>
	<taz id="11" edges="-228461491#6">
	</taz>
	<taz id="12" edges="-228461491#5">
	</taz>
	<taz id="13" edges="-228461491#4">
	</taz>
	<taz id="14" edges="-228461491#3">
	</taz>
	<taz id="15" edges="-228461491#2">
	</taz>
	<taz id="16" edges="-228461491#1">
	</taz>
	<taz id="17" edges="-228461491#0">
	</taz>
	<taz id="18" edges="-228461490#2">
	</taz>
	<taz id="19" edges="-228461490#1">
	</taz>
	<taz id="20" edges="-228461490#0">
	</taz>
	<taz id="21" edges="-197858774#6">
	</taz>
	<taz id="22" edges="-197858774#5">
	</taz>
	<taz id="23" edges="-197858774#4">
	</taz>
	<taz id="24" edges="-197858774#3">
	</taz>
	<taz id="25" edges="-197858774#2">
	</taz>
	<taz id="26" edges="-197858774#1">
	</taz>
	<taz id="27" edges="-197858775">
	</taz>
	<taz id="28" edges="-8802275#14">
	</taz>
	<taz id="29" edges="-8802275#13">
	</taz>
	<taz id="30" edges="-8802275#12">
	</taz>
	<taz id="31" edges="-8802275#11">
	</taz>
	<taz id="32" edges="-8802275#10">
	</taz>
	<taz id="33" edges="-8802275#9">
	</taz>
	<taz id="34" edges="-8802275#8">
	</taz>
	<taz id="35" edges="-8802275#7">
	</taz>
	<taz id="36" edges="-8802275#6">
	</taz>
	<taz id="37" edges="-8802275#5">
	</taz>
	<taz id="38" edges="-8802275#4">
	</taz>
	<taz id="39" edges="-8802275#3">
	</taz>
	<taz id="40" edges="-8802275#2">
	</taz>
	<taz id="41" edges="-8802275#1">
	</taz>
	<taz id="42" edges="-8802275#0">
	</taz>
	<taz id="43" edges="8802275#0">
	</taz>
	<taz id="44" edges="8802275#1">
	</taz>
	<taz id="45" edges="8802275#2">
	</taz>
	<taz id="46" edges="8802275#3">
	</taz>
	<taz id="47" edges="8802275#4">
	</taz>
	<taz id="48" edges="8802275#5">
	</taz>
	<taz id="49" edges="8802275#6">
	</taz>
	<taz id="50" edges="8802275#7">
	</taz>
	<taz id="51" edges="8802275#8">
	</taz>
	<taz id="52" edges="8802275#9">
	</taz>
	<taz id="53" edges="8802275#10">
	</taz>
	<taz id="54" edges="8802275#11">
	</taz>
	<taz id="55" edges="8802275#12">
	</taz>
	<taz id="56" edges="8802275#13">
	</taz>
	<taz id="57" edges="8802275#14">
	</taz>
	<taz id="58" edges="197858775">
	</taz>
	<taz id="59" edges="197858774#1">
	</taz>
	<taz id="60" edges="197858774#2">
	</taz>
	<taz id="61" edges="197858774#3">
	</taz>
	<taz id="62" edges="197858774#4">
	</taz>
	<taz id="63" edges="197858774#5">
	</taz>
	<taz id="64" edges="197858774#6">
	</taz>
	<taz id="65" edges="228461490#0">
	</taz>
	<taz id="66" edges="228461490#1">
	</taz>
	<taz id="67" edges="228461490#2">
	</taz>
	<taz id="68" edges="228461491#0">
	</taz>
	<taz id="69" edges="228461491#1">
	</taz>
	<taz id="70" edges="228461491#2">
	</taz>
	<taz id="71" edges="228461491#3">
	</taz>
	<taz id="72" edges="228461491#4">
	</taz>
	<taz id="73" edges="228461491#5">
	</taz>
	<taz id="74" edges="228461491#6">
	</taz>
	<taz id="75" edges="-228461491#7">
	</taz>
	<taz id="76" edges="228461491#8">
	</taz>
	<taz id="77" edges="228461491#9">
	</taz>
	<taz id="78" edges="228461491#10">
	</taz>
	<taz id="79" edges="228461491#11">
	</taz>
	<taz id="80" edges="228461491#12">
	</taz>
	<taz id="81" edges="228461491#13">
	</taz>
	<taz id="82" edges="228461491#14">
	</taz>
	<taz id="83" edges="228461491#15">
	</taz>
	<taz id="84" edges="228461491#16">
	</taz>
	
	
	<taz id="85" edges="-8839928#4">
	</taz>
	<taz id="86" edges="8839928#4">
	</taz>
	<taz id="87" edges="-8845017#7">
	</taz>
	<taz id="88" edges="8845017#7">
	</taz>
	<taz id="89" edges="476045277">
	</taz>
	<taz id="90" edges="197858777#12">
	</taz>
	<taz id="91" edges="-197858777#12">
	</taz>
	<taz id="92" edges="-697220124#0">
	</taz>
	<taz id="93" edges="697220124#0">
	</taz>
	<taz id="94" edges="-8802702#1">
	</taz>
	<taz id="95" edges="8802702#1">
	</taz>
	<taz id="96" edges="538092548">
	</taz>
	<taz id="97" edges="722188218">
	</taz>
	<taz id="98" edges="-722188218">
	</taz>
	<taz id="99" edges="-722187725#0">
	</taz>
	<taz id="100" edges="722187725#0">
	</taz>

	</tazs>
	
</additional>
