<?xml version="1.0" encoding="UTF-8"?>
<!-- generated on 2020-12-05 21:50:00.560957 by randomTrips.py v1_7_0+0000-714814baed
  options: -n georgetown.net.xml -r georgetown.rou.xml -e 50 -l
-->
<routes xmlns:xsi="http://www.w3.org/2001/XMLSchema-instance" xsi:noNamespaceSchemaLocation="http://sumo.dlr.de/xsd/routes_file.xsd">
    <trip id="0" depart="0.00" from="8802275#0" to="-197858774#1"/>
    <trip id="1" depart="1.00" from="-8822694#3" to="-8817570#0"/>
    <trip id="2" depart="2.00" from="8819085#2" to="8799911#2"/>
    <trip id="3" depart="3.00" from="8839928#4" to="-228345030#4"/>
    <trip id="4" depart="4.00" from="-8840806#7" to="-197858774#2"/>
    <trip id="5" depart="5.00" from="-8819080#16" to="-8845017#0"/>
    <trip id="6" depart="6.00" from="-197858774#1" to="-8802275#1"/>
    <trip id="7" depart="7.00" from="8802275#0" to="155466924#0"/>
    <trip id="8" depart="8.00" from="-8819080#17" to="228345008#0"/>
    <trip id="9" depart="9.00" from="8831135" to="-117305646#11"/>
    <trip id="10" depart="10.00" from="8829578#0" to="8807649"/>
    <trip id="11" depart="11.00" from="-8833598#1" to="-8802275#0"/>
    <trip id="12" depart="12.00" from="8845017#0" to="-8831692#1"/>
    <trip id="13" depart="13.00" from="-228461490#1" to="-228461490#2"/>
    <trip id="14" depart="14.00" from="8838113#1" to="228345030#3"/>
    <trip id="15" depart="15.00" from="8829578#0" to="8818523#2"/>
    <trip id="16" depart="16.00" from="228345006#6" to="8844291#1"/>
    <trip id="17" depart="17.00" from="-8838433#10" to="197858774#1"/>
    <trip id="18" depart="18.00" from="8833598#3" to="228461490#1"/>
    <trip id="19" depart="19.00" from="8838433#4" to="197858777#9"/>
    <trip id="20" depart="20.00" from="8818206" to="-197858777#10"/>
    <trip id="21" depart="21.00" from="-8819085#0" to="-8821402#3"/>
    <trip id="22" depart="22.00" from="-228345030#4" to="-8818523#0"/>
    <trip id="23" depart="23.00" from="-228461491#11" to="-8820202"/>
    <trip id="24" depart="24.00" from="8802275#0" to="-8835466#3"/>
    <trip id="25" depart="25.00" from="-8838113#5" to="-8802275#5"/>
    <trip id="26" depart="26.00" from="-8822694#1" to="8839928#3"/>
    <trip id="27" depart="27.00" from="8802275#0" to="228461489#0"/>
    <trip id="28" depart="28.00" from="-8802275#6" to="8818523#2"/>
    <trip id="29" depart="29.00" from="-8802275#13" to="-8838113#7"/>
    <trip id="30" depart="30.00" from="8845017#0" to="228461868#1"/>
    <trip id="31" depart="31.00" from="228345030#3" to="8802275#1"/>
    <trip id="32" depart="32.00" from="8837239#1" to="8820202"/>
    <trip id="33" depart="33.00" from="-8819085#1" to="-197858774#3"/>
    <trip id="34" depart="34.00" from="-8829578#2" to="-8819272#3"/>
    <trip id="35" depart="35.00" from="-8819080#11" to="8840806#5"/>
    <trip id="36" depart="36.00" from="8839231#0" to="-8822715#6"/>
    <trip id="37" depart="37.00" from="8802275#0" to="-8838632#1"/>
    <trip id="38" depart="38.00" from="8842588#0" to="-8844918#2"/>
    <trip id="39" depart="39.00" from="-8822525" to="-8819080#16"/>
    <trip id="40" depart="40.00" from="228345030#4" to="-8819085#5"/>
    <trip id="41" depart="41.00" from="228461491#4" to="8838113#6"/>
    <trip id="42" depart="42.00" from="-8839231#11" to="-8815556#0"/>
    <trip id="43" depart="43.00" from="8845017#6" to="-8845017#0"/>
    <trip id="44" depart="44.00" from="-228461489#1" to="-197858777#2"/>
    <trip id="45" depart="45.00" from="-228461491#4" to="228461491#12"/>
    <trip id="46" depart="46.00" from="8822715#6" to="-8840806#4"/>
    <trip id="47" depart="47.00" from="-228345008#0" to="-8838433#10"/>
    <trip id="48" depart="48.00" from="8845017#6" to="117305646#10"/>
    <trip id="49" depart="49.00" from="8845017#0" to="8831692#7"/>
</routes>
