<?xml version="1.0" encoding="UTF-8"?>

<!-- generated on 12/08/20 03:11:28 by Eclipse SUMO od2trips Version 1.7.0
<configuration xmlns:xsi="http://www.w3.org/2001/XMLSchema-instance" xsi:noNamespaceSchemaLocation="http://sumo.dlr.de/xsd/od2tripsConfiguration.xsd">

    <input>
        <taz-files value="TAZ_file.taz.xml"/>
        <od-matrix-files value="od_file.od"/>
    </input>

    <output>
        <flow-output value="flowvalue.xml"/>
        <flow-output.probability value="true"/>
    </output>

</configuration>
-->

<routes xmlns:xsi="http://www.w3.org/2001/XMLSchema-instance" xsi:noNamespaceSchemaLocation="http://sumo.dlr.de/xsd/routes_file.xsd">
    <flow id="0" begin="0.00" end="3600.00" probability="0.027778" fromTaz="1" toTaz="2" departLane="free" departSpeed="max"/>
    <flow id="1" begin="0.00" end="3600.00" probability="0.027778" fromTaz="10" toTaz="11" departLane="free" departSpeed="max"/>
    <flow id="2" begin="0.00" end="3600.00" probability="0.027778" fromTaz="11" toTaz="12" departLane="free" departSpeed="max"/>
    <flow id="3" begin="0.00" end="3600.00" probability="0.027778" fromTaz="12" toTaz="13" departLane="free" departSpeed="max"/>
    <flow id="4" begin="0.00" end="3600.00" probability="0.027778" fromTaz="13" toTaz="14" departLane="free" departSpeed="max"/>
    <flow id="5" begin="0.00" end="3600.00" probability="0.027778" fromTaz="14" toTaz="15" departLane="free" departSpeed="max"/>
    <flow id="6" begin="0.00" end="3600.00" probability="0.027778" fromTaz="15" toTaz="16" departLane="free" departSpeed="max"/>
    <flow id="7" begin="0.00" end="3600.00" probability="0.027778" fromTaz="16" toTaz="17" departLane="free" departSpeed="max"/>
    <flow id="8" begin="0.00" end="3600.00" probability="0.027778" fromTaz="17" toTaz="18" departLane="free" departSpeed="max"/>
    <flow id="9" begin="0.00" end="3600.00" probability="0.027778" fromTaz="17" toTaz="85" departLane="free" departSpeed="max"/>
    <flow id="10" begin="0.00" end="3600.00" probability="0.027778" fromTaz="17" toTaz="87" departLane="free" departSpeed="max"/>
    <flow id="11" begin="0.00" end="3600.00" probability="0.027778" fromTaz="18" toTaz="19" departLane="free" departSpeed="max"/>
    <flow id="12" begin="0.00" end="3600.00" probability="0.027778" fromTaz="19" toTaz="20" departLane="free" departSpeed="max"/>
    <flow id="13" begin="0.00" end="3600.00" probability="0.027778" fromTaz="19" toTaz="89" departLane="free" departSpeed="max"/>
    <flow id="14" begin="0.00" end="3600.00" probability="0.027778" fromTaz="2" toTaz="3" departLane="free" departSpeed="max"/>
    <flow id="15" begin="0.00" end="3600.00" probability="0.027778" fromTaz="20" toTaz="21" departLane="free" departSpeed="max"/>
    <flow id="16" begin="0.00" end="3600.00" probability="0.027778" fromTaz="20" toTaz="93" departLane="free" departSpeed="max"/>
    <flow id="17" begin="0.00" end="3600.00" probability="0.027778" fromTaz="21" toTaz="22" departLane="free" departSpeed="max"/>
    <flow id="18" begin="0.00" end="3600.00" probability="0.027778" fromTaz="22" toTaz="23" departLane="free" departSpeed="max"/>
    <flow id="19" begin="0.00" end="3600.00" probability="0.027778" fromTaz="23" toTaz="24" departLane="free" departSpeed="max"/>
    <flow id="20" begin="0.00" end="3600.00" probability="0.027778" fromTaz="24" toTaz="25" departLane="free" departSpeed="max"/>
    <flow id="21" begin="0.00" end="3600.00" probability="0.027778" fromTaz="25" toTaz="26" departLane="free" departSpeed="max"/>
    <flow id="22" begin="0.00" end="3600.00" probability="0.027778" fromTaz="25" toTaz="94" departLane="free" departSpeed="max"/>
    <flow id="23" begin="0.00" end="3600.00" probability="0.027778" fromTaz="26" toTaz="27" departLane="free" departSpeed="max"/>
    <flow id="24" begin="0.00" end="3600.00" probability="0.027778" fromTaz="27" toTaz="28" departLane="free" departSpeed="max"/>
    <flow id="25" begin="0.00" end="3600.00" probability="0.027778" fromTaz="28" toTaz="29" departLane="free" departSpeed="max"/>
    <flow id="26" begin="0.00" end="3600.00" probability="0.027778" fromTaz="29" toTaz="100" departLane="free" departSpeed="max"/>
    <flow id="27" begin="0.00" end="3600.00" probability="0.027778" fromTaz="29" toTaz="30" departLane="free" departSpeed="max"/>
    <flow id="28" begin="0.00" end="3600.00" probability="0.027778" fromTaz="29" toTaz="98" departLane="free" departSpeed="max"/>
    <flow id="29" begin="0.00" end="3600.00" probability="0.027778" fromTaz="3" toTaz="4" departLane="free" departSpeed="max"/>
    <flow id="30" begin="0.00" end="3600.00" probability="0.027778" fromTaz="30" toTaz="31" departLane="free" departSpeed="max"/>
    <flow id="31" begin="0.00" end="3600.00" probability="0.027778" fromTaz="31" toTaz="32" departLane="free" departSpeed="max"/>
    <flow id="32" begin="0.00" end="3600.00" probability="0.027778" fromTaz="32" toTaz="33" departLane="free" departSpeed="max"/>
    <flow id="33" begin="0.00" end="3600.00" probability="0.027778" fromTaz="33" toTaz="34" departLane="free" departSpeed="max"/>
    <flow id="34" begin="0.00" end="3600.00" probability="0.027778" fromTaz="34" toTaz="35" departLane="free" departSpeed="max"/>
    <flow id="35" begin="0.00" end="3600.00" probability="0.027778" fromTaz="35" toTaz="36" departLane="free" departSpeed="max"/>
    <flow id="36" begin="0.00" end="3600.00" probability="0.027778" fromTaz="36" toTaz="37" departLane="free" departSpeed="max"/>
    <flow id="37" begin="0.00" end="3600.00" probability="0.027778" fromTaz="37" toTaz="38" departLane="free" departSpeed="max"/>
    <flow id="38" begin="0.00" end="3600.00" probability="0.027778" fromTaz="38" toTaz="39" departLane="free" departSpeed="max"/>
    <flow id="39" begin="0.00" end="3600.00" probability="0.027778" fromTaz="39" toTaz="40" departLane="free" departSpeed="max"/>
    <flow id="40" begin="0.00" end="3600.00" probability="0.027778" fromTaz="4" toTaz="5" departLane="free" departSpeed="max"/>
    <flow id="41" begin="0.00" end="3600.00" probability="0.027778" fromTaz="40" toTaz="41" departLane="free" departSpeed="max"/>
    <flow id="42" begin="0.00" end="3600.00" probability="0.027778" fromTaz="41" toTaz="42" departLane="free" departSpeed="max"/>
    <flow id="43" begin="0.00" end="3600.00" probability="0.027778" fromTaz="43" toTaz="44" departLane="free" departSpeed="max"/>
    <flow id="44" begin="0.00" end="3600.00" probability="0.027778" fromTaz="44" toTaz="45" departLane="free" departSpeed="max"/>
    <flow id="45" begin="0.00" end="3600.00" probability="0.027778" fromTaz="45" toTaz="46" departLane="free" departSpeed="max"/>
    <flow id="46" begin="0.00" end="3600.00" probability="0.027778" fromTaz="46" toTaz="47" departLane="free" departSpeed="max"/>
    <flow id="47" begin="0.00" end="3600.00" probability="0.027778" fromTaz="47" toTaz="48" departLane="free" departSpeed="max"/>
    <flow id="48" begin="0.00" end="3600.00" probability="0.027778" fromTaz="48" toTaz="49" departLane="free" departSpeed="max"/>
    <flow id="49" begin="0.00" end="3600.00" probability="0.027778" fromTaz="49" toTaz="50" departLane="free" departSpeed="max"/>
    <flow id="50" begin="0.00" end="3600.00" probability="0.027778" fromTaz="5" toTaz="6" departLane="free" departSpeed="max"/>
    <flow id="51" begin="0.00" end="3600.00" probability="0.027778" fromTaz="50" toTaz="51" departLane="free" departSpeed="max"/>
    <flow id="52" begin="0.00" end="3600.00" probability="0.027778" fromTaz="51" toTaz="52" departLane="free" departSpeed="max"/>
    <flow id="53" begin="0.00" end="3600.00" probability="0.027778" fromTaz="52" toTaz="53" departLane="free" departSpeed="max"/>
    <flow id="54" begin="0.00" end="3600.00" probability="0.027778" fromTaz="53" toTaz="54" departLane="free" departSpeed="max"/>
    <flow id="55" begin="0.00" end="3600.00" probability="0.027778" fromTaz="54" toTaz="55" departLane="free" departSpeed="max"/>
    <flow id="56" begin="0.00" end="3600.00" probability="0.027778" fromTaz="55" toTaz="100" departLane="free" departSpeed="max"/>
    <flow id="57" begin="0.00" end="3600.00" probability="0.027778" fromTaz="55" toTaz="56" departLane="free" departSpeed="max"/>
    <flow id="58" begin="0.00" end="3600.00" probability="0.027778" fromTaz="55" toTaz="98" departLane="free" departSpeed="max"/>
    <flow id="59" begin="0.00" end="3600.00" probability="0.027778" fromTaz="56" toTaz="57" departLane="free" departSpeed="max"/>
    <flow id="60" begin="0.00" end="3600.00" probability="0.027778" fromTaz="57" toTaz="58" departLane="free" departSpeed="max"/>
    <flow id="61" begin="0.00" end="3600.00" probability="0.027778" fromTaz="58" toTaz="59" departLane="free" departSpeed="max"/>
    <flow id="62" begin="0.00" end="3600.00" probability="0.027778" fromTaz="59" toTaz="60" departLane="free" departSpeed="max"/>
    <flow id="63" begin="0.00" end="3600.00" probability="0.027778" fromTaz="59" toTaz="94" departLane="free" departSpeed="max"/>
    <flow id="64" begin="0.00" end="3600.00" probability="0.027778" fromTaz="6" toTaz="7" departLane="free" departSpeed="max"/>
    <flow id="65" begin="0.00" end="3600.00" probability="0.027778" fromTaz="60" toTaz="61" departLane="free" departSpeed="max"/>
    <flow id="66" begin="0.00" end="3600.00" probability="0.027778" fromTaz="61" toTaz="62" departLane="free" departSpeed="max"/>
    <flow id="67" begin="0.00" end="3600.00" probability="0.027778" fromTaz="62" toTaz="63" departLane="free" departSpeed="max"/>
    <flow id="68" begin="0.00" end="3600.00" probability="0.027778" fromTaz="63" toTaz="64" departLane="free" departSpeed="max"/>
    <flow id="69" begin="0.00" end="3600.00" probability="0.027778" fromTaz="64" toTaz="65" departLane="free" departSpeed="max"/>
    <flow id="70" begin="0.00" end="3600.00" probability="0.027778" fromTaz="64" toTaz="85" departLane="free" departSpeed="max"/>
    <flow id="71" begin="0.00" end="3600.00" probability="0.027778" fromTaz="64" toTaz="93" departLane="free" departSpeed="max"/>
    <flow id="72" begin="0.00" end="3600.00" probability="0.027778" fromTaz="65" toTaz="66" departLane="free" departSpeed="max"/>
    <flow id="73" begin="0.00" end="3600.00" probability="0.027778" fromTaz="66" toTaz="67" departLane="free" departSpeed="max"/>
    <flow id="74" begin="0.00" end="3600.00" probability="0.027778" fromTaz="67" toTaz="68" departLane="free" departSpeed="max"/>
    <flow id="75" begin="0.00" end="3600.00" probability="0.027778" fromTaz="67" toTaz="85" departLane="free" departSpeed="max"/>
    <flow id="76" begin="0.00" end="3600.00" probability="0.027778" fromTaz="67" toTaz="87" departLane="free" departSpeed="max"/>
    <flow id="77" begin="0.00" end="3600.00" probability="0.027778" fromTaz="68" toTaz="69" departLane="free" departSpeed="max"/>
    <flow id="78" begin="0.00" end="3600.00" probability="0.027778" fromTaz="69" toTaz="70" departLane="free" departSpeed="max"/>
    <flow id="79" begin="0.00" end="3600.00" probability="0.027778" fromTaz="7" toTaz="8" departLane="free" departSpeed="max"/>
    <flow id="80" begin="0.00" end="3600.00" probability="0.027778" fromTaz="70" toTaz="71" departLane="free" departSpeed="max"/>
    <flow id="81" begin="0.00" end="3600.00" probability="0.027778" fromTaz="71" toTaz="72" departLane="free" departSpeed="max"/>
    <flow id="82" begin="0.00" end="3600.00" probability="0.027778" fromTaz="72" toTaz="73" departLane="free" departSpeed="max"/>
    <flow id="83" begin="0.00" end="3600.00" probability="0.027778" fromTaz="73" toTaz="74" departLane="free" departSpeed="max"/>
    <flow id="84" begin="0.00" end="3600.00" probability="0.027778" fromTaz="74" toTaz="75" departLane="free" departSpeed="max"/>
    <flow id="85" begin="0.00" end="3600.00" probability="0.027778" fromTaz="75" toTaz="76" departLane="free" departSpeed="max"/>
    <flow id="86" begin="0.00" end="3600.00" probability="0.027778" fromTaz="76" toTaz="77" departLane="free" departSpeed="max"/>
    <flow id="87" begin="0.00" end="3600.00" probability="0.027778" fromTaz="77" toTaz="78" departLane="free" departSpeed="max"/>
    <flow id="88" begin="0.00" end="3600.00" probability="0.027778" fromTaz="78" toTaz="79" departLane="free" departSpeed="max"/>
    <flow id="89" begin="0.00" end="3600.00" probability="0.027778" fromTaz="79" toTaz="80" departLane="free" departSpeed="max"/>
    <flow id="90" begin="0.00" end="3600.00" probability="0.027778" fromTaz="8" toTaz="9" departLane="free" departSpeed="max"/>
    <flow id="91" begin="0.00" end="3600.00" probability="0.027778" fromTaz="80" toTaz="81" departLane="free" departSpeed="max"/>
    <flow id="92" begin="0.00" end="3600.00" probability="0.027778" fromTaz="81" toTaz="82" departLane="free" departSpeed="max"/>
    <flow id="93" begin="0.00" end="3600.00" probability="0.027778" fromTaz="82" toTaz="83" departLane="free" departSpeed="max"/>
    <flow id="94" begin="0.00" end="3600.00" probability="0.027778" fromTaz="83" toTaz="84" departLane="free" departSpeed="max"/>
    <flow id="95" begin="0.00" end="3600.00" probability="0.027778" fromTaz="86" toTaz="87" departLane="free" departSpeed="max"/>
    <flow id="96" begin="0.00" end="3600.00" probability="0.027778" fromTaz="88" toTaz="85" departLane="free" departSpeed="max"/>
    <flow id="97" begin="0.00" end="3600.00" probability="0.027778" fromTaz="9" toTaz="10" departLane="free" departSpeed="max"/>
    <flow id="98" begin="0.00" end="3600.00" probability="0.027778" fromTaz="90" toTaz="93" departLane="free" departSpeed="max"/>
    <flow id="99" begin="0.00" end="3600.00" probability="0.027778" fromTaz="92" toTaz="91" departLane="free" departSpeed="max"/>
    <flow id="100" begin="0.00" end="3600.00" probability="0.027778" fromTaz="95" toTaz="60" departLane="free" departSpeed="max"/>
    <flow id="101" begin="0.00" end="3600.00" probability="0.027778" fromTaz="96" toTaz="26" departLane="free" departSpeed="max"/>
    <flow id="102" begin="0.00" end="3600.00" probability="0.027778" fromTaz="96" toTaz="60" departLane="free" departSpeed="max"/>
    <flow id="103" begin="0.00" end="3600.00" probability="0.027778" fromTaz="96" toTaz="94" departLane="free" departSpeed="max"/>
    <flow id="104" begin="0.00" end="3600.00" probability="0.027778" fromTaz="97" toTaz="100" departLane="free" departSpeed="max"/>
    <flow id="105" begin="0.00" end="3600.00" probability="0.027778" fromTaz="99" toTaz="56" departLane="free" departSpeed="max"/>
    <flow id="106" begin="0.00" end="3600.00" probability="0.027778" fromTaz="99" toTaz="98" departLane="free" departSpeed="max"/>
</routes>
