<?xml version="1.0" encoding="UTF-8"?>

<!-- generated on 12/09/20 04:23:01 by Eclipse SUMO od2trips Version 1.7.0
<configuration xmlns:xsi="http://www.w3.org/2001/XMLSchema-instance" xsi:noNamespaceSchemaLocation="http://sumo.dlr.de/xsd/od2tripsConfiguration.xsd">

    <input>
        <taz-files value="TAZ_file.taz.xml"/>
        <od-matrix-files value="od_file.od"/>
    </input>

    <output>
        <flow-output value="flowvalue.xml"/>
        <flow-output.probability value="true"/>
    </output>

</configuration>
-->

<routes xmlns:xsi="http://www.w3.org/2001/XMLSchema-instance" xsi:noNamespaceSchemaLocation="http://sumo.dlr.de/xsd/routes_file.xsd">
	      <vType id="mytype" emissionClass="PHEMlight/PC_G_EU4" carFollowModel="KraussPS" vClass="passenger" accel="1.6" emergencyDecel="7.0" decel="4.0" sigma="0.2" >
    </vType>
    <flow type="mytype" id="0" begin="0.00" end="10800.00" probability="0.000150" fromTaz="1" toTaz="4" departLane="free" departSpeed="max"/>
    <flow type="mytype" id="1" begin="0.00" end="10800.00" probability="0.023167" fromTaz="1" toTaz="6" departLane="free" departSpeed="max"/>
    <flow type="mytype" id="2" begin="0.00" end="10800.00" probability="0.001833" fromTaz="1" toTaz="8" departLane="free" departSpeed="max"/>
    <flow type="mytype" id="3" begin="0.00" end="10800.00" probability="0.001917" fromTaz="100" toTaz="101" departLane="free" departSpeed="max"/>
    <flow type="mytype" id="4" begin="0.00" end="10800.00" probability="0.000017" fromTaz="102" toTaz="103" departLane="free" departSpeed="max"/>
    <flow type="mytype" id="5" begin="0.00" end="10800.00" probability="0.025683" fromTaz="102" toTaz="105" departLane="free" departSpeed="max"/>
    <flow type="mytype" id="6" begin="0.00" end="10800.00" probability="0.001800" fromTaz="102" toTaz="107" departLane="free" departSpeed="max"/>
    <flow type="mytype" id="7" begin="0.00" end="10800.00" probability="0.023783" fromTaz="104" toTaz="103" departLane="free" departSpeed="max"/>
    <flow type="mytype" id="8" begin="0.00" end="10800.00" probability="0.000667" fromTaz="104" toTaz="107" departLane="free" departSpeed="max"/>
    <flow type="mytype" id="9" begin="0.00" end="10800.00" probability="0.001800" fromTaz="106" toTaz="103" departLane="free" departSpeed="max"/>
    <flow type="mytype" id="10" begin="0.00" end="10800.00" probability="0.001667" fromTaz="106" toTaz="105" departLane="free" departSpeed="max"/>
    <flow type="mytype" id="11" begin="0.00" end="10800.00" probability="0.002383" fromTaz="11" toTaz="10" departLane="free" departSpeed="max"/>
    <flow type="mytype" id="12" begin="0.00" end="10800.00" probability="0.002500" fromTaz="11" toTaz="14" departLane="free" departSpeed="max"/>
    <flow type="mytype" id="13" begin="0.00" end="10800.00" probability="0.020633" fromTaz="13" toTaz="10" departLane="free" departSpeed="max"/>
    <flow type="mytype" id="14" begin="0.00" end="10800.00" probability="0.003117" fromTaz="13" toTaz="12" departLane="free" departSpeed="max"/>
    <flow type="mytype" id="15" begin="0.00" end="10800.00" probability="0.001850" fromTaz="15" toTaz="18" departLane="free" departSpeed="max"/>
    <flow type="mytype" id="16" begin="0.00" end="10800.00" probability="0.023000" fromTaz="15" toTaz="20" departLane="free" departSpeed="max"/>
    <flow type="mytype" id="17" begin="0.00" end="10800.00" probability="0.000333" fromTaz="15" toTaz="22" departLane="free" departSpeed="max"/>
    <flow type="mytype" id="18" begin="0.00" end="10800.00" probability="0.001250" fromTaz="17" toTaz="16" departLane="free" departSpeed="max"/>
    <flow type="mytype" id="19" begin="0.00" end="10800.00" probability="0.001700" fromTaz="17" toTaz="20" departLane="free" departSpeed="max"/>
    <flow type="mytype" id="20" begin="0.00" end="10800.00" probability="0.002500" fromTaz="17" toTaz="22" departLane="free" departSpeed="max"/>
    <flow type="mytype" id="21" begin="0.00" end="10800.00" probability="0.020833" fromTaz="19" toTaz="16" departLane="free" departSpeed="max"/>
    <flow type="mytype" id="22" begin="0.00" end="10800.00" probability="0.005000" fromTaz="19" toTaz="18" departLane="free" departSpeed="max"/>
    <flow type="mytype" id="23" begin="0.00" end="10800.00" probability="0.001250" fromTaz="19" toTaz="22" departLane="free" departSpeed="max"/>
    <flow type="mytype" id="24" begin="0.00" end="10800.00" probability="0.001667" fromTaz="21" toTaz="16" departLane="free" departSpeed="max"/>
    <flow type="mytype" id="25" begin="0.00" end="10800.00" probability="0.013500" fromTaz="21" toTaz="18" departLane="free" departSpeed="max"/>
    <flow type="mytype" id="26" begin="0.00" end="10800.00" probability="0.008067" fromTaz="21" toTaz="20" departLane="free" departSpeed="max"/>
    <flow type="mytype" id="27" begin="0.00" end="10800.00" probability="0.025333" fromTaz="23" toTaz="26" departLane="free" departSpeed="max"/>
    <flow type="mytype" id="28" begin="0.00" end="10800.00" probability="0.007917" fromTaz="23" toTaz="28" departLane="free" departSpeed="max"/>
    <flow type="mytype" id="29" begin="0.00" end="10800.00" probability="0.015417" fromTaz="25" toTaz="24" departLane="free" departSpeed="max"/>
    <flow type="mytype" id="30" begin="0.00" end="10800.00" probability="0.001800" fromTaz="25" toTaz="28" departLane="free" departSpeed="max"/>
    <flow type="mytype" id="31" begin="0.00" end="10800.00" probability="0.011667" fromTaz="27" toTaz="24" departLane="free" departSpeed="max"/>
    <flow type="mytype" id="32" begin="0.00" end="10800.00" probability="0.001667" fromTaz="27" toTaz="26" departLane="free" departSpeed="max"/>
    <flow type="mytype" id="33" begin="0.00" end="10800.00" probability="0.000167" fromTaz="29" toTaz="38" departLane="free" departSpeed="max"/>
    <flow type="mytype" id="34" begin="0.00" end="10800.00" probability="0.000500" fromTaz="3" toTaz="2" departLane="free" departSpeed="max"/>
    <flow type="mytype" id="35" begin="0.00" end="10800.00" probability="0.000500" fromTaz="3" toTaz="6" departLane="free" departSpeed="max"/>
    <flow type="mytype" id="36" begin="0.00" end="10800.00" probability="0.000167" fromTaz="3" toTaz="8" departLane="free" departSpeed="max"/>
    <flow type="mytype" id="37" begin="0.00" end="10800.00" probability="0.000500" fromTaz="30" toTaz="33" departLane="free" departSpeed="max"/>
    <flow type="mytype" id="38" begin="0.00" end="10800.00" probability="0.026500" fromTaz="30" toTaz="35" departLane="free" departSpeed="max"/>
    <flow type="mytype" id="39" begin="0.00" end="10800.00" probability="0.000167" fromTaz="32" toTaz="31" departLane="free" departSpeed="max"/>
    <flow type="mytype" id="40" begin="0.00" end="10800.00" probability="0.001733" fromTaz="32" toTaz="35" departLane="free" departSpeed="max"/>
    <flow type="mytype" id="41" begin="0.00" end="10800.00" probability="0.001667" fromTaz="32" toTaz="37" departLane="free" departSpeed="max"/>
    <flow type="mytype" id="42" begin="0.00" end="10800.00" probability="0.016383" fromTaz="34" toTaz="31" departLane="free" departSpeed="max"/>
    <flow type="mytype" id="43" begin="0.00" end="10800.00" probability="0.000817" fromTaz="34" toTaz="33" departLane="free" departSpeed="max"/>
    <flow type="mytype" id="44" begin="0.00" end="10800.00" probability="0.007267" fromTaz="34" toTaz="37" departLane="free" departSpeed="max"/>
    <flow type="mytype" id="45" begin="0.00" end="10800.00" probability="0.001050" fromTaz="36" toTaz="31" departLane="free" departSpeed="max"/>
    <flow type="mytype" id="46" begin="0.00" end="10800.00" probability="0.000067" fromTaz="36" toTaz="33" departLane="free" departSpeed="max"/>
    <flow type="mytype" id="47" begin="0.00" end="10800.00" probability="0.024167" fromTaz="36" toTaz="35" departLane="free" departSpeed="max"/>
    <flow type="mytype" id="48" begin="0.00" end="10800.00" probability="0.000850" fromTaz="39" toTaz="42" departLane="free" departSpeed="max"/>
    <flow type="mytype" id="49" begin="0.00" end="10800.00" probability="0.051483" fromTaz="39" toTaz="44" departLane="free" departSpeed="max"/>
    <flow type="mytype" id="50" begin="0.00" end="10800.00" probability="0.000067" fromTaz="39" toTaz="46" departLane="free" departSpeed="max"/>
    <flow type="mytype" id="51" begin="0.00" end="10800.00" probability="0.000067" fromTaz="41" toTaz="40" departLane="free" departSpeed="max"/>
    <flow type="mytype" id="52" begin="0.00" end="10800.00" probability="0.000067" fromTaz="41" toTaz="44" departLane="free" departSpeed="max"/>
    <flow type="mytype" id="53" begin="0.00" end="10800.00" probability="0.000067" fromTaz="41" toTaz="46" departLane="free" departSpeed="max"/>
    <flow type="mytype" id="54" begin="0.00" end="10800.00" probability="0.023667" fromTaz="43" toTaz="40" departLane="free" departSpeed="max"/>
    <flow type="mytype" id="55" begin="0.00" end="10800.00" probability="0.000167" fromTaz="43" toTaz="42" departLane="free" departSpeed="max"/>
    <flow type="mytype" id="56" begin="0.00" end="10800.00" probability="0.000667" fromTaz="43" toTaz="46" departLane="free" departSpeed="max"/>
    <flow type="mytype" id="57" begin="0.00" end="10800.00" probability="0.000733" fromTaz="45" toTaz="40" departLane="free" departSpeed="max"/>
    <flow type="mytype" id="58" begin="0.00" end="10800.00" probability="0.000117" fromTaz="45" toTaz="42" departLane="free" departSpeed="max"/>
    <flow type="mytype" id="59" begin="0.00" end="10800.00" probability="0.001500" fromTaz="45" toTaz="44" departLane="free" departSpeed="max"/>
    <flow type="mytype" id="60" begin="0.00" end="10800.00" probability="0.000117" fromTaz="47" toTaz="50" departLane="free" departSpeed="max"/>
    <flow type="mytype" id="61" begin="0.00" end="10800.00" probability="0.052950" fromTaz="47" toTaz="52" departLane="free" departSpeed="max"/>
    <flow type="mytype" id="62" begin="0.00" end="10800.00" probability="0.000333" fromTaz="47" toTaz="54" departLane="free" departSpeed="max"/>
    <flow type="mytype" id="63" begin="0.00" end="10800.00" probability="0.000200" fromTaz="49" toTaz="48" departLane="free" departSpeed="max"/>
    <flow type="mytype" id="64" begin="0.00" end="10800.00" probability="0.000333" fromTaz="49" toTaz="52" departLane="free" departSpeed="max"/>
    <flow type="mytype" id="65" begin="0.00" end="10800.00" probability="0.000333" fromTaz="49" toTaz="54" departLane="free" departSpeed="max"/>
    <flow type="mytype" id="66" begin="0.00" end="10800.00" probability="0.021400" fromTaz="5" toTaz="2" departLane="free" departSpeed="max"/>
    <flow type="mytype" id="67" begin="0.00" end="10800.00" probability="0.000333" fromTaz="5" toTaz="4" departLane="free" departSpeed="max"/>
    <flow type="mytype" id="68" begin="0.00" end="10800.00" probability="0.001567" fromTaz="5" toTaz="8" departLane="free" departSpeed="max"/>
    <flow type="mytype" id="69" begin="0.00" end="10800.00" probability="0.023917" fromTaz="51" toTaz="48" departLane="free" departSpeed="max"/>
    <flow type="mytype" id="70" begin="0.00" end="10800.00" probability="0.000383" fromTaz="51" toTaz="50" departLane="free" departSpeed="max"/>
    <flow type="mytype" id="71" begin="0.00" end="10800.00" probability="0.001367" fromTaz="51" toTaz="54" departLane="free" departSpeed="max"/>
    <flow type="mytype" id="72" begin="0.00" end="10800.00" probability="0.000400" fromTaz="53" toTaz="48" departLane="free" departSpeed="max"/>
    <flow type="mytype" id="73" begin="0.00" end="10800.00" probability="0.000067" fromTaz="53" toTaz="50" departLane="free" departSpeed="max"/>
    <flow type="mytype" id="74" begin="0.00" end="10800.00" probability="0.007733" fromTaz="53" toTaz="52" departLane="free" departSpeed="max"/>
    <flow type="mytype" id="75" begin="0.00" end="10800.00" probability="0.007750" fromTaz="55" toTaz="58" departLane="free" departSpeed="max"/>
    <flow type="mytype" id="76" begin="0.00" end="10800.00" probability="0.053500" fromTaz="55" toTaz="60" departLane="free" departSpeed="max"/>
    <flow type="mytype" id="77" begin="0.00" end="10800.00" probability="0.001700" fromTaz="57" toTaz="56" departLane="free" departSpeed="max"/>
    <flow type="mytype" id="78" begin="0.00" end="10800.00" probability="0.004600" fromTaz="57" toTaz="60" departLane="free" departSpeed="max"/>
    <flow type="mytype" id="79" begin="0.00" end="10800.00" probability="0.024317" fromTaz="59" toTaz="56" departLane="free" departSpeed="max"/>
    <flow type="mytype" id="80" begin="0.00" end="10800.00" probability="0.005933" fromTaz="59" toTaz="58" departLane="free" departSpeed="max"/>
    <flow type="mytype" id="81" begin="0.00" end="10800.00" probability="0.001100" fromTaz="61" toTaz="65" departLane="free" departSpeed="max"/>
    <flow type="mytype" id="82" begin="0.00" end="10800.00" probability="0.057533" fromTaz="61" toTaz="68" departLane="free" departSpeed="max"/>
    <flow type="mytype" id="83" begin="0.00" end="10800.00" probability="0.000333" fromTaz="61" toTaz="70" departLane="free" departSpeed="max"/>
    <flow type="mytype" id="84" begin="0.00" end="10800.00" probability="0.003000" fromTaz="63" toTaz="62" departLane="free" departSpeed="max"/>
    <flow type="mytype" id="85" begin="0.00" end="10800.00" probability="0.000967" fromTaz="64" toTaz="68" departLane="free" departSpeed="max"/>
    <flow type="mytype" id="86" begin="0.00" end="10800.00" probability="0.000067" fromTaz="64" toTaz="70" departLane="free" departSpeed="max"/>
    <flow type="mytype" id="87" begin="0.00" end="10800.00" probability="0.024200" fromTaz="67" toTaz="62" departLane="free" departSpeed="max"/>
    <flow type="mytype" id="88" begin="0.00" end="10800.00" probability="0.000667" fromTaz="67" toTaz="66" departLane="free" departSpeed="max"/>
    <flow type="mytype" id="89" begin="0.00" end="10800.00" probability="0.000967" fromTaz="67" toTaz="70" departLane="free" departSpeed="max"/>
    <flow type="mytype" id="90" begin="0.00" end="10800.00" probability="0.002833" fromTaz="69" toTaz="62" departLane="free" departSpeed="max"/>
    <flow type="mytype" id="91" begin="0.00" end="10800.00" probability="0.000133" fromTaz="69" toTaz="65" departLane="free" departSpeed="max"/>
    <flow type="mytype" id="92" begin="0.00" end="10800.00" probability="0.003817" fromTaz="69" toTaz="68" departLane="free" departSpeed="max"/>
    <flow type="mytype" id="93" begin="0.00" end="10800.00" probability="0.004750" fromTaz="7" toTaz="2" departLane="free" departSpeed="max"/>
    <flow type="mytype" id="94" begin="0.00" end="10800.00" probability="0.000333" fromTaz="7" toTaz="4" departLane="free" departSpeed="max"/>
    <flow type="mytype" id="95" begin="0.00" end="10800.00" probability="0.004667" fromTaz="7" toTaz="6" departLane="free" departSpeed="max"/>
    <flow type="mytype" id="96" begin="0.00" end="10800.00" probability="0.059700" fromTaz="71" toTaz="75" departLane="free" departSpeed="max"/>
    <flow type="mytype" id="97" begin="0.00" end="10800.00" probability="0.002617" fromTaz="71" toTaz="77" departLane="free" departSpeed="max"/>
    <flow type="mytype" id="98" begin="0.00" end="10800.00" probability="0.001017" fromTaz="73" toTaz="75" departLane="free" departSpeed="max"/>
    <flow type="mytype" id="99" begin="0.00" end="10800.00" probability="0.000867" fromTaz="73" toTaz="77" departLane="free" departSpeed="max"/>
    <flow type="mytype" id="100" begin="0.00" end="10800.00" probability="0.006067" fromTaz="73" toTaz="79" departLane="free" departSpeed="max"/>
    <flow type="mytype" id="101" begin="0.00" end="10800.00" probability="0.018050" fromTaz="74" toTaz="72" departLane="free" departSpeed="max"/>
    <flow type="mytype" id="102" begin="0.00" end="10800.00" probability="0.004183" fromTaz="74" toTaz="77" departLane="free" departSpeed="max"/>
    <flow type="mytype" id="103" begin="0.00" end="10800.00" probability="0.001717" fromTaz="76" toTaz="72" departLane="free" departSpeed="max"/>
    <flow type="mytype" id="104" begin="0.00" end="10800.00" probability="0.004583" fromTaz="76" toTaz="75" departLane="free" departSpeed="max"/>
    <flow type="mytype" id="105" begin="0.00" end="10800.00" probability="0.005383" fromTaz="82" toTaz="85" departLane="free" departSpeed="max"/>
    <flow type="mytype" id="106" begin="0.00" end="10800.00" probability="0.046683" fromTaz="82" toTaz="87" departLane="free" departSpeed="max"/>
    <flow type="mytype" id="107" begin="0.00" end="10800.00" probability="0.000750" fromTaz="84" toTaz="83" departLane="free" departSpeed="max"/>
    <flow type="mytype" id="108" begin="0.00" end="10800.00" probability="0.001250" fromTaz="84" toTaz="87" departLane="free" departSpeed="max"/>
    <flow type="mytype" id="109" begin="0.00" end="10800.00" probability="0.000017" fromTaz="84" toTaz="88" departLane="free" departSpeed="max"/>
    <flow type="mytype" id="110" begin="0.00" end="10800.00" probability="0.021483" fromTaz="86" toTaz="83" departLane="free" departSpeed="max"/>
    <flow type="mytype" id="111" begin="0.00" end="10800.00" probability="0.009617" fromTaz="86" toTaz="85" departLane="free" departSpeed="max"/>
    <flow type="mytype" id="112" begin="0.00" end="10800.00" probability="0.003217" fromTaz="86" toTaz="88" departLane="free" departSpeed="max"/>
    <flow type="mytype" id="113" begin="0.00" end="10800.00" probability="0.008183" fromTaz="89" toTaz="92" departLane="free" departSpeed="max"/>
    <flow type="mytype" id="114" begin="0.00" end="10800.00" probability="0.024200" fromTaz="89" toTaz="94" departLane="free" departSpeed="max"/>
    <flow type="mytype" id="115" begin="0.00" end="10800.00" probability="0.000833" fromTaz="89" toTaz="96" departLane="free" departSpeed="max"/>
    <flow type="mytype" id="116" begin="0.00" end="10800.00" probability="0.006117" fromTaz="9" toTaz="12" departLane="free" departSpeed="max"/>
    <flow type="mytype" id="117" begin="0.00" end="10800.00" probability="0.022283" fromTaz="9" toTaz="14" departLane="free" departSpeed="max"/>
    <flow type="mytype" id="118" begin="0.00" end="10800.00" probability="0.002483" fromTaz="91" toTaz="94" departLane="free" departSpeed="max"/>
    <flow type="mytype" id="119" begin="0.00" end="10800.00" probability="0.000350" fromTaz="91" toTaz="96" departLane="free" departSpeed="max"/>
    <flow type="mytype" id="120" begin="0.00" end="10800.00" probability="0.023000" fromTaz="93" toTaz="90" departLane="free" departSpeed="max"/>
    <flow type="mytype" id="121" begin="0.00" end="10800.00" probability="0.000083" fromTaz="93" toTaz="96" departLane="free" departSpeed="max"/>
    <flow type="mytype" id="122" begin="0.00" end="10800.00" probability="0.002500" fromTaz="93" toTaz="97" departLane="free" departSpeed="max"/>
    <flow type="mytype" id="123" begin="0.00" end="10800.00" probability="0.002367" fromTaz="95" toTaz="90" departLane="free" departSpeed="max"/>
    <flow type="mytype" id="124" begin="0.00" end="10800.00" probability="0.000750" fromTaz="95" toTaz="92" departLane="free" departSpeed="max"/>
    <flow type="mytype" id="125" begin="0.00" end="10800.00" probability="0.001167" fromTaz="98" toTaz="99" departLane="free" departSpeed="max"/>
</routes>
