<additional>

<tazs>

  <taz id="1" edges="590855737#2">
  </taz>
  <taz id="2" edges="590855738#0">
  </taz>
  <taz id="3" edges="8832625#7">
  </taz>
  <taz id="4" edges="-8832625#7">
  </taz>
  <taz id="5" edges="590855742#3">
  </taz>
  <taz id="6" edges="590855741#0">
  </taz>
  <taz id="7" edges="-590855714#1">
  </taz>
  <taz id="8" edges="590855714#1">
  </taz>
  <taz id="9" edges="590855741#1">
  </taz>
  <taz id="10" edges="590855742#3">
  </taz>
  <taz id="11" edges="232089990#19">
  </taz>
  <taz id="12" edges="-232089990#19">
  </taz>
  <taz id="13" edges="590855742#2">
  </taz>
  <taz id="14" edges="590855741#2">
  </taz>
  <taz id="15" edges="590855741#4">
  </taz>
  <taz id="16" edges="590855742#0">
  </taz>
  <taz id="17" edges="131360790#0">
  </taz>
  <taz id="18" edges="131360792#1">
  </taz>
  <taz id="19" edges="171719506#3">
  </taz>
  <taz id="20" edges="144267617#0">
  </taz>
  <taz id="21" edges="117274079#1">
  </taz>
  <taz id="22" edges="117274076#2">
  </taz>
  <taz id="23" edges="144267617#4">
  </taz>
  <taz id="24" edges="171719506#0">
  </taz>
  <taz id="25" edges="171719498#1">
  </taz>
  <taz id="26" edges="171719519#1">
  </taz>
  <taz id="27" edges="590855759#10">
  </taz>
  <taz id="28" edges="116948789#1">
  </taz>
  <taz id="29" edges="171719514#1">
  </taz>
  <taz id="30" edges="171719519#6">
  </taz>
  <taz id="31" edges="171719498#0">
  </taz>
  <taz id="32" edges="117289053#0">
  </taz>
  <taz id="33" edges="171719504#1">
  </taz>
  <taz id="34" edges="171719521#3">
  </taz>
  <taz id="35" edges="171719502#0">
  </taz>
  <taz id="36" edges="117289064#6">
  </taz>
  <taz id="37" edges="8828668#1">
  </taz>
  <taz id="38" edges="8828668#2">
  </taz>
  <taz id="39" edges="171719502#0">
  </taz>
  <taz id="40" edges="171719521#2">
  </taz>
  <taz id="41" edges="8805758#4">
  </taz>
  <taz id="42" edges="-8805758#4">
  </taz>
  <taz id="43" edges="171719521#1">
  </taz>
  <taz id="44" edges="171719502#1">
  </taz>
  <taz id="45" edges="-8824077#0">
  </taz>
  <taz id="46" edges="8824077#0">
  </taz>
  <taz id="47" edges="171719502#2">
  </taz>
  <taz id="48" edges="171719521#0">
  </taz>
  <taz id="49" edges="232095083#1">
  </taz>
  <taz id="50" edges="232095066#0">
  </taz>
  <taz id="51" edges="171719503">
  </taz>
  <taz id="52" edges="171719515">
  </taz>
  <taz id="53" edges="-171719520#0">
  </taz>
  <taz id="54" edges="171719520#0">
  </taz>
  <taz id="55" edges="590855766">
  </taz>
  <taz id="56" edges="590855767">
  </taz>
  <taz id="57" edges="171723238#6">
  </taz>
  <taz id="58" edges="-171723238#6">
  </taz>
  <taz id="59" edges="171470903">
  </taz>
  <taz id="60" edges="469082464">
  </taz>
  <taz id="61" edges="469082451">
  </taz>
  <taz id="62" edges="51064237#2">
  </taz>
  <taz id="63" edges="171470897#1">
  </taz>
  <taz id="64" edges="171470895#0">
  </taz>
  <taz id="65" edges="-171470895#0">
  </taz>
  <taz id="66" edges="171470896">
  </taz>
  <taz id="67" edges="590855769#1">
  </taz>
  <taz id="68" edges="51064239">
  </taz>
  <taz id="69" edges="8845676#14">
  </taz>
  <taz id="70" edges="-8845676#14">
  </taz>
  <taz id="71" edges="656475169#1">
  </taz>
  <taz id="72" edges="590855769#0">
  </taz>
  <taz id="73" edges="513495269">
  </taz>
  <taz id="74" edges="469082448">
  </taz>
  <taz id="75" edges="656475169#2">
  </taz>
  <taz id="76" edges="-51064247#1">
  </taz>
  <taz id="77" edges="51064247#1">
  </taz>
  <taz id="78" edges="8845676#14">
  </taz>
  <taz id="79" edges="590855769#1">
  </taz>
  <taz id="80" edges="656475169#2">
  </taz>
  <taz id="81" edges="171465723">
  </taz>
  <taz id="82" edges="136360938#0">
  </taz>
  <taz id="83" edges="698329061">
  </taz>
  <taz id="84" edges="171481388#0">
  </taz>
  <taz id="85" edges="171481386#1">
  </taz>
  <taz id="86" edges="469082450#0">
  </taz>
  <taz id="87" edges="698329062">
  </taz>
  <taz id="88" edges="590855746">
  </taz>
  <taz id="89" edges="468524974">
  </taz>
  <taz id="90" edges="171723236#0">
  </taz>
  <taz id="91" edges="-590842383#1">
  </taz>
  <taz id="92" edges="590842383#1">
  </taz>
  <taz id="93" edges="468524972#0">
  </taz>
  <taz id="94" edges="171465720#0">
  </taz>
  <taz id="95" edges="-171482831#0">
  </taz>
  <taz id="96" edges="171482831#0">
  </taz>
  <taz id="97" edges="171482838">
  </taz>
  <taz id="98" edges="-171482831#1">
  </taz>
  <taz id="99" edges="171482834">
  </taz>
  <taz id="100" edges="-590842383#3">
  </taz>
  <taz id="101" edges="171482829#0">
  </taz>
  <taz id="102" edges="171723235#1">
  </taz>
  <taz id="103" edges="171723239#0">
  </taz>
  <taz id="104" edges="171723240#1">
  </taz>
  <taz id="105" edges="171723234">
  </taz>
  <taz id="106" edges="-8832248#2">
  </taz>
  <taz id="107" edges="8832248#2">
  </taz>
</tazs>

</additional>
