<?xml version="1.0" encoding="UTF-8"?>
<!-- generated on 2020-12-04 19:09:39.111707 by randomTrips.py v1_7_0+0000-714814baed
  options: -n braddock.net.xml -r braddock.rou.xml -e 50 -l
-->
<routes xmlns:xsi="http://www.w3.org/2001/XMLSchema-instance" xsi:noNamespaceSchemaLocation="http://sumo.dlr.de/xsd/routes_file.xsd">
    <trip id="0" depart="0.00" from="590855737#2" to="-171484629#0"/>
    <trip id="1" depart="1.00" from="-8831144#3" to="-8825365#0"/>
    <trip id="2" depart="2.00" from="8817711#4" to="877820541"/>
    <trip id="3" depart="3.00" from="8834814#2" to="-590842382#0"/>
    <trip id="4" depart="4.00" from="117289053#0" to="-171571103#1"/>
    <trip id="5" depart="5.00" from="-8825368#3" to="171482040"/>
    <trip id="6" depart="6.00" from="-171571103#1" to="-8823760#1"/>
    <trip id="7" depart="7.00" from="590855763#0" to="171719502#2"/>
    <trip id="8" depart="8.00" from="-8825406#0" to="232095087#3"/>
    <trip id="9" depart="9.00" from="8826080#2" to="-140014363#2"/>
    <trip id="10" depart="10.00" from="8825925#1" to="8810867#0"/>
    <trip id="11" depart="11.00" from="-8840612" to="-8816458#0"/>
    <trip id="12" depart="12.00" from="8843496#2" to="-8837320#0"/>
    <trip id="13" depart="13.00" from="-8801158#0" to="-754888472#0"/>
    <trip id="14" depart="14.00" from="8829257#4" to="233078059#3"/>
    <trip id="15" depart="15.00" from="8825956#1" to="8815567#3"/>
    <trip id="16" depart="16.00" from="171719503" to="8844891"/>
    <trip id="17" depart="17.00" from="-8844861#5" to="171719520#0"/>
    <trip id="18" depart="18.00" from="8827986" to="468524976#1"/>
    <trip id="19" depart="19.00" from="8831144#1" to="232089990#0"/>
    <trip id="20" depart="20.00" from="8812876#2" to="-171731099#1"/>
    <trip id="21" depart="21.00" from="-8826646#0" to="-8831411#1"/>
    <trip id="22" depart="22.00" from="-590855765#1" to="-8825925#2"/>
    <trip id="23" depart="23.00" from="-8808501" to="-8829768"/>
    <trip id="24" depart="24.00" from="590855714#2" to="-8841765#0"/>
    <trip id="25" depart="25.00" from="-8844346" to="-8824614#9"/>
    <trip id="26" depart="26.00" from="-8829723#1" to="8841055"/>
    <trip id="27" depart="27.00" from="590855759#4" to="233086798"/>
    <trip id="28" depart="28.00" from="-8819757#1" to="8815567#2"/>
    <trip id="29" depart="29.00" from="-8819039#0" to="-8843318#2"/>
    <trip id="30" depart="30.00" from="8845676#0" to="590855737#2"/>
    <trip id="31" depart="31.00" from="171723238#4" to="8806714"/>
    <trip id="32" depart="32.00" from="8829191" to="8821018#4"/>
    <trip id="33" depart="33.00" from="-8826646#2" to="-171571103#2"/>
    <trip id="34" depart="34.00" from="-8836015#1" to="-8829193#0"/>
    <trip id="35" depart="35.00" from="-8825072#4" to="8842373#2"/>
    <trip id="36" depart="36.00" from="8832605#0" to="-8834798#3"/>
    <trip id="37" depart="37.00" from="696525960" to="-8844861#2"/>
    <trip id="38" depart="38.00" from="8837320#1" to="140014373#0"/>
    <trip id="39" depart="39.00" from="-8829327" to="-8827811#3"/>
    <trip id="40" depart="40.00" from="171731099#1" to="-8828714#4"/>
    <trip id="41" depart="41.00" from="232095087#1" to="8834798#2"/>
    <trip id="42" depart="42.00" from="-8845676#13" to="-8825084#0"/>
    <trip id="43" depart="43.00" from="8845923" to="171482040"/>
    <trip id="44" depart="44.00" from="-813398527" to="-191661301#2"/>
    <trip id="45" depart="45.00" from="-8810786" to="51064247#20"/>
    <trip id="46" depart="46.00" from="8825072#8" to="-8846015#0"/>
    <trip id="47" depart="47.00" from="-37349749#1" to="-8843539#0"/>
    <trip id="48" depart="48.00" from="8845679#0" to="171482831#2"/>
    <trip id="49" depart="49.00" from="8844861#13" to="8829729"/>
</routes>
